skill_a_sha,skill_a_name,skill_b_sha,skill_b_name,similarity_score,clone_type
1218ae1b3b56d8e1a43f2989897a47c09676db06,execute-task-with-tdd,5df5e68b6cac60b994354ebd0be23d31f96c66bf,execute-tdd-task,1.0000000000000016,Type-2 (Parameterized)
6d286a5a40ecf00296be1c113890a2a03c1c57ef,docker-patterns,917c4818ccba5ecf7578ac02cc39c1560166cb91,docker-patterns,1.0000000000000013,Type-2 (Parameterized)
1a59c4075536b0a6af50daaf50b7145ed0819ead,java-coding-standards,483803933557c17bf4ce6c055eb9a6b49eabf4f8,[Unnamed Skill],1.000000000000001,Type-2 (Parameterized)
4054cb5cc2518e49915a8df84e6e98d8a7c3926f,speckit-checklist,df5a8c23fa5290c2c91743708a5b3b22e9ea6925,speckit-checklist,1.000000000000001,Type-2 (Parameterized)
815c30cfae76c48c11934d2eab0b6e79d922b2c8,speckit-constitution,9d4fa072748ccd22193b0e826d74e928d2008a1a,speckit-constitution,1.000000000000001,Type-2 (Parameterized)
581079ca3c98abceb4108779313dc2ae4f664eb0,api-contract-review,f7bd1f0d1adec88011d8b61f1f156cf5daf9451b,api-contract-review,1.0000000000000009,Type-2 (Parameterized)
2142b22b056f9c3458714745e519eb2f24b7455b,speckit-clarify,356c6f0129ec4c625f25cd1917cca8befc356f8e,speckit-clarify,1.0000000000000009,Type-2 (Parameterized)
09f96714da86de656adf22fd7133a5749d0f4fcc,logging-patterns,a47d8dbe33542f80418ed51eea8b3d0a7751ea3c,logging-patterns,1.0000000000000007,Type-2 (Parameterized)
065da66c74cb855e4c9066d53a7b8ea5f86636a2,openspec-write-plan,c5e78a8a542417473f804f234bbd6b17e4906aeb,openspec-write-plan,1.0000000000000007,Type-2 (Parameterized)
7fa7eabb9c12c9035b51d99ed3e3b2fbafd96086,s-audit-maven-dependency,9811fb6d96885918c8985eb9e5349951e5fc0d02,maven-dependency-audit,1.0000000000000007,Type-2 (Parameterized)
