skill_a_sha,skill_a_name,skill_b_sha,skill_b_name,similarity_score,clone_type
03ccf8b002ac213ec3be81e5a6415987afc11e6a,animation-blueprint,8deab93332a1e837f522703c8e3b56e998a26135,animation-blueprint,1.0000000000000007,Type-2 (Parameterized)
8eb8e54ada00290d8cb8487782c100967d04a15f,level-actors,9b7f741d781461e633f5b7cf88de255eba7c723d,level-actors,1.0000000000000004,Type-2 (Parameterized)
0523684e33f6d7f6334fd3a230e90107d457ad3e,project-settings,47bfc149d53d07e5396d722f7e4259404c4b1ce8,project-settings,1.0000000000000004,Type-2 (Parameterized)
30ac4986e26640315967f86c36188b6e08748ca8,readme-generator,b1744c4fd3b42a6320596393f896c7b1748ff5e8,readme-generator,1.0000000000000004,Type-2 (Parameterized)
d8ed9aa33e1fde6e73914521acc3205f5f460160,umg-widgets,da3139a133d731d8f49545333c4e4a08db9c9c79,umg-widgets,1.0000000000000004,Type-2 (Parameterized)
4b2e564e119e9aa3de673f507e66d284b317118a,[Unnamed Skill],baebd326c18591dc7d777a8ebc4ccc400ef76d47,ci-cache,1.0000000000000002,Type-2 (Parameterized)
6a99d5bb8d3fa69ea5b950acd76799fd442a24e9,animation-montage,81eefbc00a142b5e3397819838bfe5d0b098b366,animation-montage,1.0000000000000002,Type-2 (Parameterized)
7c8b1cc815303719b20e304660e98a6920346566,ce-session-retro,b2d1e84c79dc4aa78a44c1ee8ceb85c12f4fe9ca,ce-session-retro,1.0000000000000002,Type-2 (Parameterized)
4f760eb5c262f995798f73c5a4f2a353dc49f091,circuit-debugger,a1142b62b5a8822cef8c798e1188e9fae58047b4,circuit-debugger,1.0000000000000002,Type-2 (Parameterized)
5e49c35601063abae96b3fbe806da2e2da5ab53c,developing-genkit-go,f4f64e6b7130ff6b4ed4990ce0ec07573e8ee596,developing-genkit-go,1.0000000000000002,Type-2 (Parameterized)
